year,cause,deaths,deaths_lower,deaths_upper
1980,Cardiovascular diseases,12116561.690830473,11028346.853724385,13048659.658636544
1980,Chronic respiratory diseases,1814284.394842856,1421105.6523936114,2128265.942772173
1980,Diabetes and kidney diseases,1050153.0299549396,919226.9172050518,1185896.5428510967
1980,Diarrheal diseases,3980057.8278847374,3332512.035729784,4870753.741493202
1980,Digestive diseases,1625710.2329889222,1410327.5399487074,1888199.920287419
1980,Lower respiratory infections,3178213.2278480977,2770073.8375791293,3715304.185026179
1980,Neonatal disorders,3400099.9510319303,3161964.759499208,3639679.066678661
1980,Total cancers,4778620.553689183,4525408.852813329,5123498.452049806
1980,"Tracheal, bronchus, and lung cancer",800327.8086695975,747281.9364838519,899006.5852222813
1980,Tuberculosis,1923777.4949774405,1373489.5641532408,2482202.570455136
1981,Cardiovascular diseases,12106953.586233083,11034011.427437907,12982491.107948702
1981,Chronic respiratory diseases,1844765.9210881211,1453742.2846846883,2170080.5332522127
1981,Diabetes and kidney diseases,1061733.1736550136,937044.1601003184,1193582.7929984927
1981,Diarrheal diseases,3891543.4924084335,3272430.97974758,4764926.205434724
1981,Digestive diseases,1637996.3304144733,1415227.6392188405,1903283.6889643783
1981,Lower respiratory infections,3135488.042738374,2730493.0854729903,3672886.671157295
1981,Neonatal disorders,3367134.426195008,3146399.391887996,3608623.086590605
1981,Total cancers,4841160.895361575,4594982.487034862,5174893.045969302
1981,"Tracheal, bronchus, and lung cancer",817702.1774124557,765160.9042036707,909774.2096319738
1981,Tuberculosis,1907461.5054914355,1382327.9718513708,2464601.9432153017
1982,Cardiovascular diseases,12128839.811705396,11069881.472598294,13043394.137704782
1982,Chronic respiratory diseases,1879451.3985767108,1480291.9997035307,2200353.9760520714
1982,Diabetes and kidney diseases,1076549.6610069934,946592.8089694368,1211569.4935237877
1982,Diarrheal diseases,3836169.887020473,3258405.3734658253,4636425.634237549
1982,Digestive diseases,1649188.1428881283,1421152.5178865052,1913942.3791023905
1982,Lower respiratory infections,3102088.072233831,2698166.4660174423,3537275.978095268
1982,Neonatal disorders,3353813.4782038536,3133790.145004998,3585392.8220129134
1982,Total cancers,4913493.576574492,4674089.354091947,5254024.8808645625
1982,"Tracheal, bronchus, and lung cancer",837351.892184678,786066.8572828129,932923.1260058378
1982,Tuberculosis,1901264.324224342,1383146.0311081333,2449632.853222016
1983,Cardiovascular diseases,12319654.30822439,11237991.187800135,13243432.860258495
1983,Chronic respiratory diseases,1930899.379859976,1521466.5027591272,2254340.5327671524
1983,Diabetes and kidney diseases,1102529.7465247945,970420.4201734996,1241084.1999010902
1983,Diarrheal diseases,3795823.397919471,3184932.458185163,4590646.888738115
1983,Digestive diseases,1677040.271660311,1443263.3206741374,1956874.3128897608
1983,Lower respiratory infections,3111207.337215669,2703417.626579151,3550343.2694883877
1983,Neonatal disorders,3356501.6973603857,3154803.274083786,3576426.8985536927
1983,Total cancers,5024118.940975263,4768942.386495649,5343197.278452801
1983,"Tracheal, bronchus, and lung cancer",863546.9418220072,811237.9853597919,959017.7257436416
1983,Tuberculosis,1903650.474357961,1368723.227390359,2471093.859854721
1984,Cardiovascular diseases,12417935.629901042,11366051.992159236,13319756.231630445
1984,Chronic respiratory diseases,1972368.6668017416,1570065.55033805,2287629.808423552
1984,Diabetes and kidney diseases,1121084.2748237157,983581.6143055093,1262115.383900796
1984,Diarrheal diseases,3769911.408368777,3179288.459451475,4541813.401187586
1984,Digestive diseases,1698131.42304666,1464926.2799775517,1976676.0216865507
1984,Lower respiratory infections,3100491.271520214,2707292.6360026663,3561959.636314882
1984,Neonatal disorders,3354725.0998913352,3156987.081725692,3568904.87339304
1984,Total cancers,5116446.30689896,4864126.006964439,5422663.566885535
1984,"Tracheal, bronchus, and lung cancer",884479.9253003761,830413.0167898803,989890.1130394333
1984,Tuberculosis,1897008.1495535923,1373148.41148488,2449533.0117846625
1985,Cardiovascular diseases,12508892.646832569,11475136.302037831,13399628.763302252
1985,Chronic respiratory diseases,2016470.573919812,1608299.475765578,2327904.9024941693
1985,Diabetes and kidney diseases,1143142.483107248,1010916.180399443,1288580.5215379207
1985,Diarrheal diseases,3734321.3637149753,3112777.671639977,4509488.830404008
1985,Digestive diseases,1724824.867071356,1502863.565692238,2002885.936143413
1985,Lower respiratory infections,3102678.439698333,2706624.726674132,3521553.770520356
1985,Neonatal disorders,3335924.726877792,3166127.983560855,3538776.87990238
1985,Total cancers,5243088.295219312,4985351.092824577,5579725.939122331
1985,"Tracheal, bronchus, and lung cancer",927559.7722975792,873701.6414507556,1033133.4476574328
1985,Tuberculosis,1891797.5780708487,1399547.607671976,2462479.321098932
1986,Cardiovascular diseases,12471067.340444174,11451766.598331869,13370671.464035548
1986,Chronic respiratory diseases,2045364.5144018552,1614842.2164406078,2359656.2994335108
1986,Diabetes and kidney diseases,1162881.606237541,1027240.966692996,1316107.5332044126
1986,Diarrheal diseases,3685799.0957573783,3104079.2267353176,4514301.2866448425
1986,Digestive diseases,1734963.735936578,1516849.3902211252,2007713.1269138695
1986,Lower respiratory infections,3080173.7115261536,2695215.9231027765,3495292.4216417465
1986,Neonatal disorders,3299529.530066626,3123585.448527681,3497116.8594573718
1986,Total cancers,5334174.914518639,5088695.418128949,5669951.574733905
1986,"Tracheal, bronchus, and lung cancer",945959.3078391054,890640.5951905878,1052599.8243367998
1986,Tuberculosis,1886592.231538253,1405973.8553443337,2441074.0927462988
1987,Cardiovascular diseases,12581132.063745182,11556617.415072428,13464885.479270585
1987,Chronic respiratory diseases,2093681.403697748,1651299.063165411,2435131.1260541026
1987,Diabetes and kidney diseases,1187614.0269782783,1045302.8102961892,1355714.754805422
1987,Diarrheal diseases,3610574.416040975,3043337.643985695,4454886.274234778
1987,Digestive diseases,1756658.2513255808,1542212.1102460665,2031517.1324753836
1987,Lower respiratory infections,3045880.8468517377,2685041.627209995,3433774.434939932
1987,Neonatal disorders,3257881.4339206605,3084452.5937117725,3453726.5269833817
1987,Total cancers,5463461.776032729,5203773.854656378,5773381.443033153
1987,"Tracheal, bronchus, and lung cancer",975058.2148909228,919200.3691656328,1089525.6925590525
1987,Tuberculosis,1891970.528167105,1436867.2886325095,2441464.368055308
1988,Cardiovascular diseases,12808061.41860688,11774268.531070445,13639416.477714488
1988,Chronic respiratory diseases,2153221.783499447,1694791.2830217425,2468163.172759043
1988,Diabetes and kidney diseases,1222672.7408170116,1070286.3276770315,1389672.3055862617
1988,Diarrheal diseases,3512361.019301352,2928231.580977904,4352756.746111011
1988,Digestive diseases,1785116.9469603235,1577361.817996005,2054647.0331085296
1988,Lower respiratory infections,3027748.0895432406,2686562.6165223205,3406919.1794623923
1988,Neonatal disorders,3217815.44646458,3035951.4182942538,3430133.701849998
1988,Total cancers,5641125.4535552105,5366245.220351065,5980990.91153336
1988,"Tracheal, bronchus, and lung cancer",1014106.6422356284,953656.9393897865,1134296.947934132
1988,Tuberculosis,1894306.748687394,1456075.4803417015,2455146.893610957
1989,Cardiovascular diseases,12943329.069581537,11944887.286913384,13866972.34873505
1989,Chronic respiratory diseases,2214089.6098572165,1741765.2489595928,2539862.29590818
1989,Diabetes and kidney diseases,1261511.8843935854,1103512.0849802585,1421427.730690545
1989,Diarrheal diseases,3399289.753943648,2806185.1409096336,4238206.33492642
1989,Digestive diseases,1816230.3403075957,1605923.1843788563,2076489.7400953225
1989,Lower respiratory infections,3003017.7163398853,2673974.254779609,3377958.2621674463
1989,Neonatal disorders,3184129.472583628,2987691.3391823363,3382441.7295027184
1989,Total cancers,5803607.964879779,5515171.615718926,6138214.854889617
1989,"Tracheal, bronchus, and lung cancer",1046145.5174587616,980801.1905700197,1174312.7071216376
1989,Tuberculosis,1895578.940356614,1464332.3932544754,2438074.2966477647
1990,Cardiovascular diseases,13137958.825662356,12200604.880587596,14040764.428180978
1990,Chronic respiratory diseases,2260220.4649170795,1779264.2053403042,2608232.868844884
1990,Diabetes and kidney diseases,1301815.268604088,1149050.5255833776,1463965.007870048
1990,Diarrheal diseases,3292786.5320632616,2702354.4070051424,4107003.252623499
1990,Digestive diseases,1836557.6957516896,1614668.6638059644,2081469.4030718124
1990,Lower respiratory infections,2972434.6010997817,2638875.799139637,3336380.002369333
1990,Neonatal disorders,3145337.463818603,2952674.068762499,3336431.248074327
1990,Total cancers,5969459.741922336,5683398.3201815495,6296233.38228726
1990,"Tracheal, bronchus, and lung cancer",1095127.2604595972,1028901.52931978,1212833.2603832576
1990,Tuberculosis,1886620.336990931,1441745.0708978,2389552.4931382565
1991,Cardiovascular diseases,13327577.912792156,12320643.32827389,14187976.718871228
1991,Chronic respiratory diseases,2304133.3010456376,1807752.944937684,2672502.598272682
1991,Diabetes and kidney diseases,1335907.4417808158,1178826.3220577657,1510255.0974231327
1991,Diarrheal diseases,3231258.085298183,2653085.905407834,4056780.967434255
1991,Digestive diseases,1859235.677039297,1639247.2328442635,2108350.399915837
1991,Lower respiratory infections,2929793.223139215,2605482.4324529297,3280711.802231288
1991,Neonatal disorders,3102217.744036538,2916598.403335605,3286754.4931631624
1991,Total cancers,6099629.183415744,5810945.346509155,6427565.2039576825
1991,"Tracheal, bronchus, and lung cancer",1118943.6734682263,1052192.1373864084,1232750.9622713318
1991,Tuberculosis,1884217.0897555049,1432598.910314823,2375109.106180326
1992,Cardiovascular diseases,13474028.668118363,12493866.288264427,14330797.202835783
1992,Chronic respiratory diseases,2352326.61324105,1875754.5084891692,2715037.345557491
1992,Diabetes and kidney diseases,1368089.522035356,1210310.6462147974,1545170.7187915023
1992,Diarrheal diseases,3124542.536510997,2537752.6705649784,3934790.333346104
1992,Digestive diseases,1882979.4703739807,1665631.338336552,2130804.156895732
1992,Lower respiratory infections,2904424.8680485464,2583844.449721328,3253717.7270581275
1992,Neonatal disorders,3056646.6047078283,2874914.1222375063,3231486.4687970174
1992,Total cancers,6199481.044966217,5893989.165937336,6504469.389030188
1992,"Tracheal, bronchus, and lung cancer",1140313.1116990375,1072017.035832527,1254605.8675134794
1992,Tuberculosis,1880913.4071003203,1436377.0735241636,2369805.295408404
1993,Cardiovascular diseases,13846500.46301055,12875710.964107553,14709152.529481482
1993,Chronic respiratory diseases,2419028.5149825835,1942421.710572004,2784552.6939902795
1993,Diabetes and kidney diseases,1409420.3052807597,1253848.598867236,1583542.223119
1993,Diarrheal diseases,3018076.4277161364,2423531.633627822,3837864.6258941256
1993,Digestive diseases,1916437.7894453604,1700775.4123753663,2159610.2973853624
1993,Lower respiratory infections,2914686.6339893886,2608050.1417613407,3253936.019347002
1993,Neonatal disorders,3017473.003196596,2840768.1625999752,3189792.8960486567
1993,Total cancers,6330716.2145550735,6026675.323776636,6630006.9674404
1993,"Tracheal, bronchus, and lung cancer",1169606.0782235756,1103561.5946073784,1278422.8506319053
1993,Tuberculosis,1873755.0874215409,1465423.473569543,2325110.0977699817
1994,Cardiovascular diseases,13977323.077220328,12968433.212708924,14837574.19364722
1994,Chronic respiratory diseases,2466537.3467177683,1981729.4332514408,2848996.2734940094
1994,Diabetes and kidney diseases,1443340.1705182337,1292993.8177044976,1621368.6921336
1994,Diarrheal diseases,2948990.893416912,2361122.772693039,3776771.662055832
1994,Digestive diseases,1940327.0467890096,1732724.939567394,2170628.299706129
1994,Lower respiratory infections,2905198.661033516,2612765.131321122,3238728.189204584
1994,Neonatal disorders,2973751.006886378,2812984.789442392,3154723.528793142
1994,Total cancers,6405399.236462981,6088380.937455062,6724394.644483389
1994,"Tracheal, bronchus, and lung cancer",1181191.7031376583,1111635.0542746144,1291689.1965827632
1994,Tuberculosis,1873826.2485449451,1453830.5700664057,2287526.036422393
1995,Cardiovascular diseases,14031971.108241644,13062426.748015417,14843913.726608817
1995,Chronic respiratory diseases,2529385.3022465096,2034142.942999056,2909504.447110313
1995,Diabetes and kidney diseases,1485189.7568491308,1342734.5757243324,1657069.2215937546
1995,Diarrheal diseases,2864250.7240967336,2258815.065491128,3699943.2355136857
1995,Digestive diseases,1960599.6050610207,1759909.2975797718,2193867.7110591945
1995,Lower respiratory infections,2894746.886989852,2603929.378771432,3231237.6934994133
1995,Neonatal disorders,2924733.484791524,2779613.8460537964,3091402.402379296
1995,Total cancers,6510145.02425437,6174497.624416086,6828231.580396333
1995,"Tracheal, bronchus, and lung cancer",1212537.2956153215,1143735.1821196813,1325193.1752214977
1995,Tuberculosis,1878373.1533514336,1480184.203757325,2312519.0234057163
1996,Cardiovascular diseases,14094218.23202476,13105530.549995922,14841670.448413713
1996,Chronic respiratory diseases,2590331.481703356,2110315.1141737862,2961030.025394078
1996,Diabetes and kidney diseases,1526824.5655118353,1385806.482437478,1702660.8627906211
1996,Diarrheal diseases,2776843.9050798067,2197117.170332859,3588834.6240269844
1996,Digestive diseases,1970654.410499887,1764281.4517293633,2208354.528623756
1996,Lower respiratory infections,2854625.2876541144,2569531.203870925,3181172.1961963074
1996,Neonatal disorders,2866408.219946661,2728449.646588197,3020179.030900463
1996,Total cancers,6591948.168893643,6272754.153748182,6888386.694631134
1996,"Tracheal, bronchus, and lung cancer",1224498.0051949448,1154497.496519311,1325033.8761257783
1996,Tuberculosis,1872292.908527005,1485951.4924147315,2257754.247937754
1997,Cardiovascular diseases,14167863.294678727,13174977.276471032,14916974.42971316
1997,Chronic respiratory diseases,2657025.107977659,2162572.094523009,3039295.15160911
1997,Diabetes and kidney diseases,1565507.940923179,1420706.312607442,1737615.2579499444
1997,Diarrheal diseases,2675650.78410446,2135089.243567827,3508597.209381665
1997,Digestive diseases,1982347.1218713387,1766752.8855554347,2217612.843193545
1997,Lower respiratory infections,2807265.3949623173,2534434.2041420965,3147125.501315869
1997,Neonatal disorders,2800465.145552123,2670881.926020916,2935637.644867229
1997,Total cancers,6667987.408674358,6345949.66729987,6967316.64629132
1997,"Tracheal, bronchus, and lung cancer",1240041.833194141,1164835.0615153643,1340825.0068101415
1997,Tuberculosis,1858691.993216242,1494387.3766621356,2264018.0044441274
1998,Cardiovascular diseases,14298991.639379378,13314442.434431484,15087665.13003027
1998,Chronic respiratory diseases,2739368.640348676,2245865.9146105098,3115268.7355983644
1998,Diabetes and kidney diseases,1615469.7753950716,1470237.4383517215,1782537.2358314758
1998,Diarrheal diseases,2585379.947962689,2026686.241145848,3387962.13400232
1998,Digestive diseases,2004583.394045186,1805362.1948710573,2230365.667509521
1998,Lower respiratory infections,2763406.5824983865,2488134.38739436,3083175.5929133613
1998,Neonatal disorders,2739607.452264036,2610387.491256717,2876427.4000023827
1998,Total cancers,6775480.326619431,6408371.854871162,7069229.193915276
1998,"Tracheal, bronchus, and lung cancer",1263681.390429291,1185752.6330791432,1365111.4265494803
1998,Tuberculosis,1839595.201846341,1470845.8346735989,2259964.8184463987
1999,Cardiovascular diseases,14504588.92310478,13612696.368603691,15311716.097427316
1999,Chronic respiratory diseases,2817010.896176697,2339148.609553168,3150950.266138588
1999,Diabetes and kidney diseases,1668364.9144609938,1514814.7780251105,1832024.5878053256
1999,Diarrheal diseases,2449261.8617521734,1931057.5719651268,3250230.2224944774
1999,Digestive diseases,2029042.418439712,1808629.8756759816,2253397.134639794
1999,Lower respiratory infections,2710102.1702433787,2440643.3858608715,3026711.64105396
1999,Neonatal disorders,2674873.096520998,2549138.51088726,2808554.749405031
1999,Total cancers,6906493.55245796,6525853.390335114,7191592.518252357
1999,"Tracheal, bronchus, and lung cancer",1291735.1997723193,1216240.6605185184,1392273.6431152138
1999,Tuberculosis,1801366.5983722815,1417849.6242114054,2227111.3181259558
2000,Cardiovascular diseases,14562528.707321009,13675265.889062207,15351649.92902609
2000,Chronic respiratory diseases,2885325.693078245,2367135.624239845,3234335.751203773
2000,Diabetes and kidney diseases,1719497.250217222,1560329.653199505,1893208.7661292928
2000,Diarrheal diseases,2336165.207679741,1838891.1067195744,3112270.2109737066
2000,Digestive diseases,2052323.172802476,1849760.4526968475,2264326.5964955008
2000,Lower respiratory infections,2646582.5537113207,2368958.5338719757,2949960.941204118
2000,Neonatal disorders,2610429.573443865,2495088.0291172066,2736674.416088458
2000,Total cancers,7002942.534331605,6615704.0759066045,7281404.233400052
2000,"Tracheal, bronchus, and lung cancer",1321972.5381206863,1243391.55170574,1408747.9439453818
2000,Tuberculosis,1760326.0931179298,1397570.5828955204,2165432.5436113453
2001,Cardiovascular diseases,14642880.150545193,13753439.316881845,15412103.322863083
2001,Chronic respiratory diseases,2961827.087515231,2441797.9046260472,3302008.3318519806
2001,Diabetes and kidney diseases,1769624.3738526995,1613303.0667375189,1945035.5564179705
2001,Diarrheal diseases,2245451.2680988773,1773233.314022157,3034784.069738129
2001,Digestive diseases,2080217.1288027011,1885043.6153216453,2294571.1858243844
2001,Lower respiratory infections,2583865.154824981,2303692.7502933624,2871530.924535071
2001,Neonatal disorders,2546394.425887146,2434621.0695877564,2668287.193214435
2001,Total cancers,7094617.400348733,6725053.5083955815,7379729.754702814
2001,"Tracheal, bronchus, and lung cancer",1342364.1144137883,1259269.8863628453,1429425.25212069
2001,Tuberculosis,1719421.959392823,1389982.9367958882,2118659.737958315
2002,Cardiovascular diseases,14814533.807733243,13900813.56305074,15564907.557993855
2002,Chronic respiratory diseases,3057618.864954461,2541006.239867534,3406472.324020652
2002,Diabetes and kidney diseases,1824869.673305628,1662368.845600446,2003872.7419735168
2002,Diarrheal diseases,2179936.371688575,1722711.69028536,2970026.7169726766
2002,Digestive diseases,2115803.995426133,1921933.7515380112,2326777.381098032
2002,Lower respiratory infections,2561430.839448788,2290358.8675293284,2841924.8933026767
2002,Neonatal disorders,2493303.816666629,2380948.1155288,2609423.500683083
2002,Total cancers,7191578.818463388,6822774.599368628,7488639.087084053
2002,"Tracheal, bronchus, and lung cancer",1366362.332404913,1280573.3332585143,1450835.005145345
2002,Tuberculosis,1679406.5031392237,1372029.5441943833,2069772.6751111744
2003,Cardiovascular diseases,14933723.269188968,14021525.794533262,15723577.226757089
2003,Chronic respiratory diseases,3150480.364431698,2626126.2952825334,3500778.1250221776
2003,Diabetes and kidney diseases,1876420.0549307065,1713481.817165582,2051629.0317730063
2003,Diarrheal diseases,2138796.8715800447,1681189.9676430211,2943991.926333795
2003,Digestive diseases,2145070.038111781,1955423.836236589,2354417.1881497903
2003,Lower respiratory infections,2544399.2244247147,2288125.0482628434,2814132.1068611154
2003,Neonatal disorders,2442740.3208594406,2334459.722319609,2563915.9932833235
2003,Total cancers,7268181.686431509,6903783.4054030245,7556704.105621551
2003,"Tracheal, bronchus, and lung cancer",1386652.166436562,1294706.3631937257,1475836.240578038
2003,Tuberculosis,1639344.1119410188,1326906.3822344495,2044327.2578771345
2004,Cardiovascular diseases,14766205.04655328,13896955.996801447,15547809.775540227
2004,Chronic respiratory diseases,3194492.222757853,2697843.875154522,3539684.7305188705
2004,Diabetes and kidney diseases,1904468.950034671,1743067.9473994605,2073701.684717095
2004,Diarrheal diseases,2089657.7387328155,1645427.3276385784,2854760.535414987
2004,Digestive diseases,2155787.39136731,1961379.5697550175,2379112.0098788086
2004,Lower respiratory infections,2502822.377887204,2243888.4987873104,2773968.51792338
2004,Neonatal disorders,2387806.556549244,2275407.528085581,2510126.580287006
2004,Total cancers,7287397.151119529,6927004.876997469,7558731.953659486
2004,"Tracheal, bronchus, and lung cancer",1400468.9027283515,1298448.0128245703,1491101.5265913005
2004,Tuberculosis,1599354.5873867648,1286234.042298312,1985204.9569854897
2005,Cardiovascular diseases,14890596.348255312,13913632.789570311,15623796.33500589
2005,Chronic respiratory diseases,3238721.8989086994,2801096.1994906967,3556618.961827698
2005,Diabetes and kidney diseases,1953796.698788177,1784592.3876869555,2127982.388078136
2005,Diarrheal diseases,2044785.8688518477,1610864.7326602763,2786423.726589137
2005,Digestive diseases,2178723.9858339424,1970080.5154663029,2390510.3776960657
2005,Lower respiratory infections,2486859.0598374787,2229158.6710147928,2778208.837772683
2005,Neonatal disorders,2340530.5156454104,2224825.615688804,2467498.698109758
2005,Total cancers,7384013.702505382,7031606.910910833,7665805.184723237
2005,"Tracheal, bronchus, and lung cancer",1424179.082448608,1324911.4598166985,1513410.227316601
2005,Tuberculosis,1563236.807289013,1264430.354085817,1918295.337208707
2006,Cardiovascular diseases,14997258.486196062,13982682.064825768,15690535.69114957
2006,Chronic respiratory diseases,3226360.8826125404,2793464.823941821,3540402.1961573744
2006,Diabetes and kidney diseases,2001358.8602055544,1836908.3451661812,2180859.9322667136
2006,Diarrheal diseases,2014343.669075776,1593398.187570041,2761242.964400821
2006,Digestive diseases,2179788.716096775,1961991.6673669051,2382603.3504603696
2006,Lower respiratory infections,2451805.6512562726,2185007.048700186,2715951.72701692
2006,Neonatal disorders,2310570.385114236,2200141.823410272,2426645.9164105705
2006,Total cancers,7475981.723178213,7109984.923012952,7753409.511326299
2006,"Tracheal, bronchus, and lung cancer",1454164.6034807202,1348025.7231312613,1543129.7809243351
2006,Tuberculosis,1535858.4338822432,1239580.85687891,1887093.4712661668
2007,Cardiovascular diseases,15199483.507190958,14191529.53533985,15923759.685974548
2007,Chronic respiratory diseases,3271855.610698654,2833575.2193007744,3572053.029025675
2007,Diabetes and kidney diseases,2065925.53714328,1892583.150198205,2248043.623481304
2007,Diarrheal diseases,1977385.1111059797,1563246.8361523475,2697772.9989407174
2007,Digestive diseases,2200688.064600156,1974681.2776654512,2426718.408718833
2007,Lower respiratory infections,2447208.92274514,2184052.1709204144,2713134.280531221
2007,Neonatal disorders,2289990.7406684984,2180650.6834682664,2407874.866923025
2007,Total cancers,7632912.892872714,7229558.051934974,7930326.608129906
2007,"Tracheal, bronchus, and lung cancer",1493888.15383336,1376451.6823775044,1586126.2907478353
2007,Tuberculosis,1514683.3958223534,1219892.3007415656,1860223.233437762
2008,Cardiovascular diseases,15390485.726842634,14368162.154197443,16125586.908538576
2008,Chronic respiratory diseases,3316643.547816344,2907515.6261815857,3627212.708619224
2008,Diabetes and kidney diseases,2132781.797065023,1960228.728197308,2318154.95609536
2008,Diarrheal diseases,1926533.180367091,1521947.2745457666,2612907.6784615275
2008,Digestive diseases,2229447.1995067424,2006557.0264922827,2472451.1308673746
2008,Lower respiratory infections,2450975.4387753066,2185738.879302124,2698926.878090433
2008,Neonatal disorders,2267440.171617717,2164205.374697271,2372219.9234543424
2008,Total cancers,7762854.504630107,7312771.6992226625,8075846.787141088
2008,"Tracheal, bronchus, and lung cancer",1524170.5767675804,1413027.532613679,1612537.3771976633
2008,Tuberculosis,1491792.098728662,1208441.8594541035,1819452.0748299535
2009,Cardiovascular diseases,15459561.92668039,14472734.53791576,16183245.304678658
2009,Chronic respiratory diseases,3317036.004473757,2924068.758976981,3639739.600805993
2009,Diabetes and kidney diseases,2184973.9068364296,1993072.5785055105,2386023.81311258
2009,Diarrheal diseases,1852788.4165034115,1463991.8860911657,2486220.4650351224
2009,Digestive diseases,2225586.798418107,2003698.1810562648,2478119.6382450773
2009,Lower respiratory infections,2438724.94811726,2174774.973367776,2692779.813531851
2009,Neonatal disorders,2238346.0452626776,2137381.207852825,2340383.1634257534
2009,Total cancers,7837960.225811479,7339954.076199144,8117199.502056607
2009,"Tracheal, bronchus, and lung cancer",1543714.8082286834,1426365.472575443,1638921.23094815
2009,Tuberculosis,1465939.7627785043,1191690.595804031,1796921.264947656
2010,Cardiovascular diseases,15688390.496737247,14691690.914745323,16519823.01980064
2010,Chronic respiratory diseases,3340134.861456405,2965779.5113640176,3675706.7942241663
2010,Diabetes and kidney diseases,2262259.148731224,2062784.8587656545,2476976.7174609904
2010,Diarrheal diseases,1776817.7229555217,1401043.7943052507,2366110.491124596
2010,Digestive diseases,2239255.7385081328,2020762.2033352256,2493356.150158212
2010,Lower respiratory infections,2436005.957804618,2160092.762323448,2699894.7470198595
2010,Neonatal disorders,2193106.5873482763,2088138.3928358385,2298329.744061836
2010,Total cancers,7946179.046001412,7422218.204720276,8229682.610545687
2010,"Tracheal, bronchus, and lung cancer",1553588.2035268175,1435411.1059780712,1645215.8923653418
2010,Tuberculosis,1441290.4688624756,1169437.6441906465,1738585.4104680107
2011,Cardiovascular diseases,15883651.12824837,14829428.889158558,16686405.415430805
2011,Chronic respiratory diseases,3375121.6029545027,2986144.8104271786,3716481.65492823
2011,Diabetes and kidney diseases,2323014.339664263,2111734.37658692,2561856.786177042
2011,Diarrheal diseases,1688790.3078574203,1300555.4049405062,2225514.515642823
2011,Digestive diseases,2238368.7958672037,2019737.0011346368,2487913.262424114
2011,Lower respiratory infections,2443402.95868834,2171059.7921169554,2719352.27329645
2011,Neonatal disorders,2148040.246426803,2038120.2279510535,2253043.388985612
2011,Total cancers,8018815.672591108,7532189.301339618,8337608.55305553
2011,"Tracheal, bronchus, and lung cancer",1581228.5911152975,1459307.961050597,1672326.7432255947
2011,Tuberculosis,1408239.632251679,1142366.669325194,1693035.6954287477
2012,Cardiovascular diseases,16207834.531377053,15208225.37300241,16990489.843731772
2012,Chronic respiratory diseases,3407200.3708215686,3031682.348743726,3770937.4828954665
2012,Diabetes and kidney diseases,2389061.4853730467,2160236.8557237373,2632725.321573258
2012,Diarrheal diseases,1603156.171021734,1221409.341551912,2105489.567523065
2012,Digestive diseases,2244743.2365733227,2022885.150858797,2477916.0745305764
2012,Lower respiratory infections,2459915.520884793,2183250.758600471,2755852.4655679483
2012,Neonatal disorders,2115264.487575669,2005787.1311061375,2216756.383688166
2012,Total cancers,8135379.65345606,7621695.839895523,8448403.442041596
2012,"Tracheal, bronchus, and lung cancer",1603904.186576815,1479169.876216502,1700431.813366585
2012,Tuberculosis,1366220.6842173918,1121409.3741593717,1647769.8185774195
2013,Cardiovascular diseases,16479214.867283216,15369247.914103892,17324234.670147926
2013,Chronic respiratory diseases,3442155.346275662,3080200.328879053,3857116.1265337034
2013,Diabetes and kidney diseases,2461313.4559389893,2234960.768500477,2699141.036843298
2013,Diarrheal diseases,1556843.6410385326,1191281.5517431416,2020236.4326931564
2013,Digestive diseases,2247760.5900338464,2021637.402843021,2468340.058606381
2013,Lower respiratory infections,2488187.30130101,2185690.9820289128,2750399.4788326737
2013,Neonatal disorders,2088148.973817761,1983941.0784245213,2181569.0460208445
2013,Total cancers,8222140.660336258,7693667.749960599,8577240.492143193
2013,"Tracheal, bronchus, and lung cancer",1635412.7061143988,1511052.1130051531,1734734.6961625535
2013,Tuberculosis,1336390.9687195567,1089467.4612602335,1672318.8424089514
2014,Cardiovascular diseases,16684994.914458811,15525403.789446136,17578080.26255141
2014,Chronic respiratory diseases,3479128.900512617,3092765.085824724,3913208.63044782
2014,Diabetes and kidney diseases,2549127.7346530994,2305318.548605814,2778724.6394345444
2014,Diarrheal diseases,1500030.3806447112,1140550.8366703356,1932598.434175934
2014,Digestive diseases,2262650.236906253,2038924.7469317613,2492261.9689417286
2014,Lower respiratory infections,2506729.670377579,2218288.9965591715,2761310.6099244
2014,Neonatal disorders,2056458.8136973197,1956706.7047972493,2156779.08333566
2014,Total cancers,8367073.09670268,7814299.050976082,8725422.580963219
2014,"Tracheal, bronchus, and lung cancer",1667237.664330454,1538672.8031609566,1770184.2438276256
2014,Tuberculosis,1302895.268538616,1064650.8808440736,1620886.826305373
2015,Cardiovascular diseases,17208352.084747426,16001323.110538438,18112386.37971564
2015,Chronic respiratory diseases,3539325.0561433923,3139391.635285442,4006257.4357976927
2015,Diabetes and kidney diseases,2670822.526599698,2420776.0780432126,2895426.565209461
2015,Diarrheal diseases,1440776.40199115,1104404.3882768026,1862310.1241596723
2015,Digestive diseases,2306523.166512417,2071371.7980027832,2526597.8650285318
2015,Lower respiratory infections,2550356.99843432,2282301.3591353777,2813512.75786936
2015,Neonatal disorders,2018467.3728496935,1922053.3373190197,2117857.749870326
2015,Total cancers,8620278.446351437,8044840.465108759,8976676.55472392
2015,"Tracheal, bronchus, and lung cancer",1707835.5094510454,1570427.3750117216,1829071.3232165077
2015,Tuberculosis,1278502.391674768,1063733.0817306489,1614214.276112534
2016,Cardiovascular diseases,17668628.874653522,16358301.721086033,18602763.147010945
2016,Chronic respiratory diseases,3601087.7498741755,3196528.865312603,4153407.9485935695
2016,Diabetes and kidney diseases,2774205.980321892,2506461.195454149,2999069.7284344733
2016,Diarrheal diseases,1394968.466694498,1072008.7854343173,1807278.579346124
2016,Digestive diseases,2332535.327610316,2106379.431264715,2559050.534258239
2016,Lower respiratory infections,2563227.1076641898,2293865.760176494,2829641.399444923
2016,Neonatal disorders,1973910.3864885196,1879846.8431469167,2081527.7619138577
2016,Total cancers,8874643.802564867,8274596.290496848,9234521.635387473
2016,"Tracheal, bronchus, and lung cancer",1762836.5674454337,1625108.1964350778,1890266.392940169
2016,Tuberculosis,1254540.4599651918,1046497.1673891804,1583502.6345164983
2017,Cardiovascular diseases,18005151.28331508,16617248.645930303,18965597.6152079
2017,Chronic respiratory diseases,3670747.635331844,3282150.872095962,4302727.046042039
2017,Diabetes and kidney diseases,2888206.5675907256,2613716.9831963773,3126407.734259139
2017,Diarrheal diseases,1358630.988306087,1050350.9646864536,1778531.4600506115
2017,Digestive diseases,2355790.060928995,2136829.886049444,2586633.0863309097
2017,Lower respiratory infections,2577378.074517298,2313625.9811153817,2837344.427843471
2017,Neonatal disorders,1922537.755477006,1825842.5386225376,2022512.7534603053
2017,Total cancers,9105327.18834136,8514249.122999387,9468187.113495495
2017,"Tracheal, bronchus, and lung cancer",1812069.7199134484,1664143.456819455,1948174.934026888
2017,Tuberculosis,1233935.5236676896,1018893.8532220884,1547691.5783701525
2018,Cardiovascular diseases,17988587.8225707,16540561.849577708,19054421.708923995
2018,Chronic respiratory diseases,3721772.418500832,3288845.920406744,4394485.390340811
2018,Diabetes and kidney diseases,2974032.880064968,2679897.386175596,3232144.576148312
2018,Diarrheal diseases,1303510.0235834238,1012186.9014217824,1740208.9643476272
2018,Digestive diseases,2363843.036331192,2136777.112317874,2603964.981013615
2018,Lower respiratory infections,2576526.747489895,2328374.052796644,2854673.507792672
2018,Neonatal disorders,1866413.17793658,1766581.8649823328,1968976.1861156328
2018,Total cancers,9192607.965140186,8576520.434394056,9610290.515992304
2018,"Tracheal, bronchus, and lung cancer",1817407.204573647,1657745.920164805,1952277.9059421364
2018,Tuberculosis,1196167.7484459754,993954.565009822,1493153.0041106348
2019,Cardiovascular diseases,17642037.559655376,16174896.837671565,18670401.131066747
2019,Chronic respiratory diseases,3757600.361825456,3324874.597294064,4465394.912112618
2019,Diabetes and kidney diseases,3081769.2000370994,2791662.133426362,3365042.572716115
2019,Diarrheal diseases,1255274.6069895842,977736.6041947604,1703294.0500328525
2019,Digestive diseases,2375058.44689546,2129625.678341752,2632503.823752501
2019,Lower respiratory infections,2549791.4006279157,2316895.635934568,2837069.986292189
2019,Neonatal disorders,1804718.5919434875,1705331.5312891689,1900338.107010479
2019,Total cancers,9236276.775610575,8586113.639114473,9653750.631746136
2019,"Tracheal, bronchus, and lung cancer",1800847.452690168,1634783.273669921,1929468.0720449428
2019,Tuberculosis,1150684.0223377042,956928.3394659105,1426436.8242530718
2020,Cardiovascular diseases,17658557.794214997,16115057.799830234,18749602.69506749
2020,Chronic respiratory diseases,3495308.289918309,3052740.61383812,4171713.865426559
2020,Diabetes and kidney diseases,3189485.957373509,2890866.001717354,3478621.7226787014
2020,Diarrheal diseases,1201886.895852508,932591.3569179634,1628797.7099083073
2020,Digestive diseases,2351248.584760652,2101815.4251534194,2592362.041679177
2020,Lower respiratory infections,2214586.490139366,1971694.79492917,2512381.8461652542
2020,Neonatal disorders,1763856.671129841,1655034.933439844,1863133.560294462
2020,Total cancers,9369755.232305313,8750021.063785639,9787012.972000783
2020,"Tracheal, bronchus, and lung cancer",1808859.8263726237,1650330.210294669,1945836.2962090855
2020,Tuberculosis,1074379.6588972646,895552.3665939971,1330115.931898078
2021,Cardiovascular diseases,18685877.12988075,17161904.071474843,19828162.23814314
2021,Chronic respiratory diseases,3547996.9197682547,3064283.4614534955,4292781.262537029
2021,Diabetes and kidney diseases,3349692.3108990225,3034780.283054917,3664424.681200749
2021,Diarrheal diseases,1153529.8539220714,881903.1963370376,1575611.6724659374
2021,Digestive diseases,2373383.399338616,2127815.8175188964,2611958.5740522305
2021,Lower respiratory infections,2115915.6770623727,1868799.718996023,2420365.428915654
2021,Neonatal disorders,1705852.5033681162,1599491.5494070242,1808041.099822065
2021,Total cancers,9847243.204206103,9218974.289996965,10314404.508781774
2021,"Tracheal, bronchus, and lung cancer",1921937.430161456,1747283.2315204628,2061014.0634749967
2021,Tuberculosis,1038377.0759299886,868717.8181032382,1276347.5280789798
2022,Cardiovascular diseases,18943536.93546153,17268143.624932203,20060892.171541616
2022,Chronic respiratory diseases,3963516.657190201,3464280.840806362,4844566.567265728
2022,Diabetes and kidney diseases,3475146.0335448897,3105622.837554164,3799954.609266737
2022,Diarrheal diseases,1163070.2869042254,870693.4946747808,1642009.8343079404
2022,Digestive diseases,2440441.3381775543,2187958.2400161102,2682623.5870311665
2022,Lower respiratory infections,2356388.4219248854,2118888.7360774647,2640443.9707725924
2022,Neonatal disorders,1665238.2482100397,1546506.1265298554,1767083.510656883
2022,Total cancers,10258006.721294828,9475498.941863129,10796237.999168186
2022,"Tracheal, bronchus, and lung cancer",2022094.3968421333,1823060.827890877,2201471.847883136
2022,Tuberculosis,1038130.2770580068,850876.3106026707,1252855.0114176576
2023,Cardiovascular diseases,19139018.09368501,17355526.65696515,20403359.75555195
2023,Chronic respiratory diseases,4154451.711235461,3606445.231686439,5125453.168997314
2023,Diabetes and kidney diseases,3533892.600812732,3140804.6794629293,3887248.899350289
2023,Diarrheal diseases,1107128.3749863298,810533.3541363218,1535841.4970945364
2023,Digestive diseases,2416075.087508723,2151456.081192224,2671551.2116737934
2023,Lower respiratory infections,2501138.568273376,2240273.9879636248,2811711.568178583
2023,Neonatal disorders,1627961.732945383,1506008.7124160386,1748006.3058008086
2023,Total cancers,10434120.432555158,9605088.887119193,11031333.441804592
2023,"Tracheal, bronchus, and lung cancer",2034684.431399437,1856204.145754678,2210638.178390339
2023,Tuberculosis,1010462.8210720812,806472.9852085414,1244692.2172145871
